{"cameraMode":{"drawMode":0,"name":"Shaded","section":"Shading Mode"},"sceneLighting":true,"audioPlay":false,"sceneViewState":{"showFog":true,"showMaterialUpdate":true,"showSkybox":true,"showFlares":true,"showImageEffects":true,"showParticleSystems":true},"in2DMode":false,"pivot":{"x":1294.6683349609375,"y":-777.3392944335938,"z":-13.807110786437989},"rotation":{"x":0.19589769840240479,"y":0.676997721195221,"z":-0.19438855350017548,"w":0.6823005080223084},"size":1653.6302490234375,"orthographic":false}